"parameter","posterior_mean","q2.5","q97.5"
"sig_xi",0.195186429767116,0.183514854333415,0.202361799942477
"al",0.496462528515364,0.45131158953562,0.531818482104947
"mu0",2.01508141821615,2.00004718966101,2.0301204816114
"sig0",0.038678026526076,0.0198239858823539,0.0572113097037263
"sig_meas",0.0316517012849071,0.00246182028181406,0.0695657862023049
