"parameter","posterior_mean","q2.5","q97.5"
"sig_xi",0.194992921850281,0.17940584499947,0.202114396766419
"al",0.507863670462571,0.47331040913822,0.533443289150303
"mu0",2.00429199815918,1.99359410483265,2.01809813163646
"sig0",0.0439791478907285,0.0328756100734483,0.0608143783561584
"sig_meas",0.0298335211536763,0.00121932967688835,0.0784253504178509
